Timestamp,Name,CPU_Perc,Mem_Usage,Mem_Perc,Net_IO,Block_IO,PIDs
2026-07-31 10:03:16,ouster,86.55%,185.4MiB / 30.66GiB,0.59%,0B / 0B,179MB / 516kB,20
2026-07-31 10:03:16,realsense,121.51%,71.73MiB / 30.66GiB,0.23%,0B / 0B,48MB / 688kB,7
2026-07-31 10:03:16,scovox,128.91%,80.45MiB / 30.66GiB,0.26%,0B / 0B,68.2MB / 639kB,5
2026-07-31 10:03:16,domain_bridge,199.01%,49.43MiB / 30.66GiB,0.16%,0B / 0B,18.6MB / 131kB,12
2026-07-31 10:03:16,openzen,6.30%,85.15MiB / 30.66GiB,0.27%,0B / 0B,82.2MB / 1.6MB,20
2026-07-31 10:03:16,mapir-ffmpeg,89.10%,276.8MiB / 30.66GiB,0.88%,0B / 0B,187MB / 659kB,32
2026-07-31 10:03:16,nav2,76.82%,77.5MiB / 30.66GiB,0.25%,0B / 0B,75.6MB / 94.2kB,4
2026-07-31 10:03:16,glim,93.78%,70.77MiB / 30.66GiB,0.23%,0B / 0B,68.5MB / 86kB,8
2026-07-31 10:03:19,glim,8.76%,138.3MiB / 30.66GiB,0.44%,0B / 0B,134MB / 139kB,19
2026-07-31 10:03:19,ouster,0.14%,201.2MiB / 30.66GiB,0.64%,0B / 0B,185MB / 516kB,27
2026-07-31 10:03:19,realsense,16.17%,177.9MiB / 30.66GiB,0.57%,0B / 0B,112MB / 782kB,33
2026-07-31 10:03:19,scovox,4.97%,122.4MiB / 30.66GiB,0.39%,0B / 0B,96.7MB / 819kB,53
2026-07-31 10:03:19,domain_bridge,200.84%,63.61MiB / 30.66GiB,0.20%,0B / 0B,24.6MB / 225kB,6
2026-07-31 10:03:19,openzen,3.28%,87.12MiB / 30.66GiB,0.28%,0B / 0B,82.2MB / 1.6MB,20
2026-07-31 10:03:19,mapir-ffmpeg,27.33%,330.2MiB / 30.66GiB,1.05%,0B / 0B,197MB / 659kB,33
2026-07-31 10:03:19,nav2,5.77%,201.9MiB / 30.66GiB,0.64%,0B / 0B,132MB / 94.2kB,90
2026-07-31 10:03:22,glim,8.78%,137.9MiB / 30.66GiB,0.44%,0B / 0B,134MB / 139kB,19
2026-07-31 10:03:22,ouster,0.05%,201MiB / 30.66GiB,0.64%,0B / 0B,185MB / 516kB,27
2026-07-31 10:03:22,realsense,15.36%,178MiB / 30.66GiB,0.57%,0B / 0B,112MB / 782kB,33
2026-07-31 10:03:22,scovox,4.69%,122.7MiB / 30.66GiB,0.39%,0B / 0B,96.7MB / 819kB,53
2026-07-31 10:03:22,domain_bridge,100.16%,30.05MiB / 30.66GiB,0.10%,0B / 0B,28.2MB / 410kB,2
2026-07-31 10:03:22,openzen,3.08%,87.05MiB / 30.66GiB,0.28%,0B / 0B,82.2MB / 1.6MB,20
2026-07-31 10:03:22,mapir-ffmpeg,26.81%,330.2MiB / 30.66GiB,1.05%,0B / 0B,197MB / 659kB,33
2026-07-31 10:03:22,nav2,0.20%,201MiB / 30.66GiB,0.64%,0B / 0B,132MB / 94.2kB,90
2026-07-31 10:03:25,glim,9.11%,138.2MiB / 30.66GiB,0.44%,0B / 0B,134MB / 139kB,19
2026-07-31 10:03:25,ouster,0.36%,202.9MiB / 30.66GiB,0.65%,0B / 0B,185MB / 516kB,27
2026-07-31 10:03:25,realsense,15.57%,178.2MiB / 30.66GiB,0.57%,0B / 0B,112MB / 782kB,33
2026-07-31 10:03:25,scovox,4.72%,123.5MiB / 30.66GiB,0.39%,0B / 0B,96.7MB / 819kB,53
2026-07-31 10:03:25,domain_bridge,0.24%,57.36MiB / 30.66GiB,0.18%,0B / 0B,31.6MB / 410kB,28
2026-07-31 10:03:25,openzen,2.57%,86.58MiB / 30.66GiB,0.28%,0B / 0B,82.2MB / 1.6MB,20
2026-07-31 10:03:25,mapir-ffmpeg,27.14%,330.7MiB / 30.66GiB,1.05%,0B / 0B,197MB / 659kB,33
2026-07-31 10:03:25,nav2,0.26%,203MiB / 30.66GiB,0.65%,0B / 0B,132MB / 94.2kB,90
2026-07-31 10:03:28,glim,8.94%,137.3MiB / 30.66GiB,0.44%,0B / 0B,134MB / 139kB,19
2026-07-31 10:03:28,ouster,0.06%,204MiB / 30.66GiB,0.65%,0B / 0B,185MB / 516kB,27
2026-07-31 10:03:28,realsense,15.63%,178.4MiB / 30.66GiB,0.57%,0B / 0B,112MB / 782kB,33
2026-07-31 10:03:28,scovox,4.65%,123.8MiB / 30.66GiB,0.39%,0B / 0B,96.7MB / 819kB,53
2026-07-31 10:03:28,domain_bridge,0.05%,57.85MiB / 30.66GiB,0.18%,0B / 0B,31.6MB / 410kB,28
2026-07-31 10:03:28,openzen,2.60%,86.34MiB / 30.66GiB,0.27%,0B / 0B,82.2MB / 1.6MB,20
2026-07-31 10:03:28,mapir-ffmpeg,27.01%,329.9MiB / 30.66GiB,1.05%,0B / 0B,197MB / 659kB,33
2026-07-31 10:03:28,nav2,0.11%,203.3MiB / 30.66GiB,0.65%,0B / 0B,132MB / 94.2kB,90
2026-07-31 10:03:31,glim,77.21%,277.7MiB / 30.66GiB,0.88%,0B / 0B,136MB / 139kB,35
2026-07-31 10:03:31,ouster,6.34%,244.6MiB / 30.66GiB,0.78%,0B / 0B,186MB / 516kB,30
2026-07-31 10:03:31,realsense,16.07%,178.2MiB / 30.66GiB,0.57%,0B / 0B,112MB / 782kB,33
2026-07-31 10:03:31,scovox,4.19%,207MiB / 30.66GiB,0.66%,0B / 0B,96.8MB / 819kB,53
2026-07-31 10:03:31,domain_bridge,0.50%,57.37MiB / 30.66GiB,0.18%,0B / 0B,31.6MB / 410kB,28
2026-07-31 10:03:31,openzen,2.52%,86.42MiB / 30.66GiB,0.28%,0B / 0B,82.2MB / 1.6MB,20
2026-07-31 10:03:31,mapir-ffmpeg,27.16%,329.8MiB / 30.66GiB,1.05%,0B / 0B,197MB / 659kB,33
2026-07-31 10:03:31,nav2,0.46%,202.6MiB / 30.66GiB,0.65%,0B / 0B,132MB / 94.2kB,90
2026-07-31 10:03:34,glim,73.53%,350.9MiB / 30.66GiB,1.12%,0B / 0B,136MB / 139kB,35
2026-07-31 10:03:34,ouster,6.27%,244.9MiB / 30.66GiB,0.78%,0B / 0B,186MB / 516kB,30
2026-07-31 10:03:34,realsense,16.69%,178.2MiB / 30.66GiB,0.57%,0B / 0B,112MB / 782kB,33
2026-07-31 10:03:34,scovox,4.22%,207.1MiB / 30.66GiB,0.66%,0B / 0B,96.8MB / 819kB,53
2026-07-31 10:03:34,domain_bridge,0.15%,57.65MiB / 30.66GiB,0.18%,0B / 0B,31.6MB / 410kB,28
2026-07-31 10:03:34,openzen,2.71%,86.44MiB / 30.66GiB,0.28%,0B / 0B,82.2MB / 1.6MB,20
2026-07-31 10:03:34,mapir-ffmpeg,27.17%,330.1MiB / 30.66GiB,1.05%,0B / 0B,197MB / 659kB,33
2026-07-31 10:03:34,nav2,0.56%,203.2MiB / 30.66GiB,0.65%,0B / 0B,132MB / 94.2kB,90
2026-07-31 10:03:37,trav_ros2,93.20%,85.28MiB / 30.66GiB,0.27%,0B / 0B,80.9MB / 270kB,5
2026-07-31 10:03:37,glim,77.02%,356.4MiB / 30.66GiB,1.14%,0B / 0B,136MB / 11.7MB,35
2026-07-31 10:03:37,ouster,6.05%,244.7MiB / 30.66GiB,0.78%,0B / 0B,186MB / 3.26MB,30
2026-07-31 10:03:37,realsense,16.37%,177.5MiB / 30.66GiB,0.57%,0B / 0B,112MB / 3.78MB,33
2026-07-31 10:03:37,scovox,3.88%,206.6MiB / 30.66GiB,0.66%,0B / 0B,96.8MB / 4.04MB,53
2026-07-31 10:03:37,domain_bridge,0.03%,57.21MiB / 30.66GiB,0.18%,0B / 0B,31.6MB / 5.13MB,28
2026-07-31 10:03:37,openzen,2.96%,86.2MiB / 30.66GiB,0.27%,0B / 0B,82.2MB / 2.17MB,20
2026-07-31 10:03:37,mapir-ffmpeg,27.35%,329.1MiB / 30.66GiB,1.05%,0B / 0B,197MB / 1.38MB,33
2026-07-31 10:03:37,nav2,0.62%,202.3MiB / 30.66GiB,0.64%,0B / 0B,132MB / 1.17MB,90
2026-07-31 10:03:37,docker-recorder-run-6c8796142c07,99.29%,32.02MiB / 30.66GiB,0.10%,0B / 0B,3.44MB / 0B,2
2026-07-31 10:03:40,docker-recorder-run-6c8796142c07,201.00%,45.41MiB / 30.66GiB,0.14%,0B / 0B,17.2MB / 57.3kB,10
2026-07-31 10:03:40,trav_ros2,8.21%,286.9MiB / 30.66GiB,0.91%,0B / 0B,119MB / 311kB,44
2026-07-31 10:03:40,glim,71.57%,356.5MiB / 30.66GiB,1.14%,0B / 0B,136MB / 11.7MB,35
2026-07-31 10:03:40,ouster,7.68%,245.1MiB / 30.66GiB,0.78%,0B / 0B,186MB / 3.26MB,30
2026-07-31 10:03:40,realsense,17.02%,178.4MiB / 30.66GiB,0.57%,0B / 0B,112MB / 3.78MB,33
2026-07-31 10:03:40,scovox,4.37%,208.6MiB / 30.66GiB,0.66%,0B / 0B,96.8MB / 4.04MB,53
2026-07-31 10:03:40,domain_bridge,0.16%,57.97MiB / 30.66GiB,0.18%,0B / 0B,31.6MB / 5.13MB,28
2026-07-31 10:03:40,openzen,3.39%,87.33MiB / 30.66GiB,0.28%,0B / 0B,82.2MB / 2.17MB,20
2026-07-31 10:03:40,mapir-ffmpeg,27.82%,331.5MiB / 30.66GiB,1.06%,0B / 0B,197MB / 1.38MB,33
2026-07-31 10:03:40,nav2,1.46%,205.9MiB / 30.66GiB,0.66%,0B / 0B,132MB / 1.17MB,90
2026-07-31 10:03:43,docker-recorder-run-6c8796142c07,199.51%,50.78MiB / 30.66GiB,0.16%,0B / 0B,23.6MB / 156kB,11
2026-07-31 10:03:43,trav_ros2,8.16%,303.9MiB / 30.66GiB,0.97%,0B / 0B,119MB / 311kB,44
2026-07-31 10:03:43,glim,76.27%,357.9MiB / 30.66GiB,1.14%,0B / 0B,136MB / 11.7MB,35
2026-07-31 10:03:43,ouster,7.55%,245.3MiB / 30.66GiB,0.78%,0B / 0B,186MB / 3.26MB,30
2026-07-31 10:03:43,realsense,16.73%,178.7MiB / 30.66GiB,0.57%,0B / 0B,112MB / 3.78MB,33
2026-07-31 10:03:43,scovox,4.09%,208.2MiB / 30.66GiB,0.66%,0B / 0B,96.8MB / 4.04MB,53
2026-07-31 10:03:43,domain_bridge,0.04%,57.98MiB / 30.66GiB,0.18%,0B / 0B,31.6MB / 5.13MB,28
2026-07-31 10:03:43,openzen,3.36%,86.86MiB / 30.66GiB,0.28%,0B / 0B,82.2MB / 2.17MB,20
2026-07-31 10:03:43,mapir-ffmpeg,27.60%,331MiB / 30.66GiB,1.05%,0B / 0B,197MB / 1.38MB,33
2026-07-31 10:03:43,nav2,0.73%,205.4MiB / 30.66GiB,0.65%,0B / 0B,132MB / 1.17MB,90
2026-07-31 10:03:46,docker-recorder-run-6c8796142c07,94.72%,18.77MiB / 30.66GiB,0.06%,0B / 0B,38.4MB / 365kB,2
2026-07-31 10:03:46,trav_ros2,8.66%,310.1MiB / 30.66GiB,0.99%,0B / 0B,119MB / 311kB,44
2026-07-31 10:03:46,glim,75.53%,352.6MiB / 30.66GiB,1.12%,0B / 0B,136MB / 11.7MB,35
2026-07-31 10:03:46,ouster,7.43%,245.5MiB / 30.66GiB,0.78%,0B / 0B,186MB / 3.26MB,30
2026-07-31 10:03:46,realsense,16.78%,178.5MiB / 30.66GiB,0.57%,0B / 0B,112MB / 3.78MB,33
2026-07-31 10:03:46,scovox,4.13%,208.7MiB / 30.66GiB,0.66%,0B / 0B,96.8MB / 4.04MB,53
2026-07-31 10:03:46,domain_bridge,0.16%,57.75MiB / 30.66GiB,0.18%,0B / 0B,31.6MB / 5.13MB,28
2026-07-31 10:03:46,openzen,3.21%,86.87MiB / 30.66GiB,0.28%,0B / 0B,82.2MB / 2.17MB,20
2026-07-31 10:03:46,mapir-ffmpeg,27.73%,331MiB / 30.66GiB,1.05%,0B / 0B,197MB / 1.38MB,33
2026-07-31 10:03:46,nav2,0.68%,205.2MiB / 30.66GiB,0.65%,0B / 0B,132MB / 1.17MB,90
2026-07-31 10:03:49,docker-recorder-run-6c8796142c07,0.00%,18.7MiB / 30.66GiB,0.06%,0B / 0B,38.4MB / 365kB,2
2026-07-31 10:03:49,trav_ros2,8.59%,304.4MiB / 30.66GiB,0.97%,0B / 0B,119MB / 311kB,44
2026-07-31 10:03:49,glim,75.52%,349.8MiB / 30.66GiB,1.11%,0B / 0B,136MB / 11.7MB,35
2026-07-31 10:03:49,ouster,7.03%,245.6MiB / 30.66GiB,0.78%,0B / 0B,186MB / 3.26MB,30
2026-07-31 10:03:49,realsense,16.54%,178MiB / 30.66GiB,0.57%,0B / 0B,112MB / 3.78MB,33
2026-07-31 10:03:49,scovox,4.48%,215.1MiB / 30.66GiB,0.68%,0B / 0B,96.8MB / 4.04MB,53
2026-07-31 10:03:49,domain_bridge,0.18%,57.14MiB / 30.66GiB,0.18%,0B / 0B,31.6MB / 5.13MB,28
2026-07-31 10:03:49,openzen,2.64%,86.89MiB / 30.66GiB,0.28%,0B / 0B,82.2MB / 2.17MB,20
2026-07-31 10:03:49,mapir-ffmpeg,27.67%,331.3MiB / 30.66GiB,1.06%,0B / 0B,197MB / 1.38MB,33
2026-07-31 10:03:49,nav2,0.77%,205.3MiB / 30.66GiB,0.65%,0B / 0B,132MB / 1.17MB,90
2026-07-31 10:03:52,docker-recorder-run-6c8796142c07,0.00%,18.7MiB / 30.66GiB,0.06%,0B / 0B,38.4MB / 365kB,2
2026-07-31 10:03:52,trav_ros2,8.41%,313.6MiB / 30.66GiB,1.00%,0B / 0B,119MB / 311kB,44
2026-07-31 10:03:52,glim,76.26%,368.8MiB / 30.66GiB,1.17%,0B / 0B,136MB / 11.7MB,35
2026-07-31 10:03:52,ouster,6.96%,244.8MiB / 30.66GiB,0.78%,0B / 0B,186MB / 3.26MB,30
2026-07-31 10:03:52,realsense,16.28%,178MiB / 30.66GiB,0.57%,0B / 0B,112MB / 3.78MB,33
2026-07-31 10:03:52,scovox,3.87%,214.5MiB / 30.66GiB,0.68%,0B / 0B,96.8MB / 4.04MB,53
2026-07-31 10:03:52,domain_bridge,0.09%,57.14MiB / 30.66GiB,0.18%,0B / 0B,31.6MB / 5.13MB,28
2026-07-31 10:03:52,openzen,2.76%,87.39MiB / 30.66GiB,0.28%,0B / 0B,82.2MB / 2.17MB,20
2026-07-31 10:03:52,mapir-ffmpeg,27.41%,330.2MiB / 30.66GiB,1.05%,0B / 0B,197MB / 1.38MB,33
2026-07-31 10:03:52,nav2,0.60%,205.2MiB / 30.66GiB,0.65%,0B / 0B,132MB / 1.17MB,90
2026-07-31 10:03:55,docker-recorder-run-6c8796142c07,0.00%,18.46MiB / 30.66GiB,0.06%,0B / 0B,38.4MB / 365kB,2
2026-07-31 10:03:55,trav_ros2,8.24%,311.2MiB / 30.66GiB,0.99%,0B / 0B,119MB / 311kB,44
2026-07-31 10:03:55,glim,75.47%,371.6MiB / 30.66GiB,1.18%,0B / 0B,136MB / 11.7MB,35
2026-07-31 10:03:55,ouster,7.71%,244.9MiB / 30.66GiB,0.78%,0B / 0B,186MB / 3.26MB,30
2026-07-31 10:03:55,realsense,16.44%,177.4MiB / 30.66GiB,0.56%,0B / 0B,112MB / 3.78MB,33
2026-07-31 10:03:55,scovox,9.65%,212.9MiB / 30.66GiB,0.68%,0B / 0B,96.8MB / 4.04MB,53
2026-07-31 10:03:55,domain_bridge,0.39%,57.66MiB / 30.66GiB,0.18%,0B / 0B,31.6MB / 5.13MB,28
2026-07-31 10:03:55,openzen,2.90%,86.98MiB / 30.66GiB,0.28%,0B / 0B,82.2MB / 2.17MB,20
2026-07-31 10:03:55,mapir-ffmpeg,28.26%,331.7MiB / 30.66GiB,1.06%,0B / 0B,197MB / 1.38MB,33
2026-07-31 10:03:55,nav2,1.35%,204MiB / 30.66GiB,0.65%,0B / 0B,132MB / 1.17MB,90
2026-07-31 10:03:58,docker-recorder-run-6c8796142c07,0.00%,18.51MiB / 30.66GiB,0.06%,0B / 0B,38.5MB / 365kB,1
2026-07-31 10:03:58,trav_ros2,7.67%,311.6MiB / 30.66GiB,0.99%,0B / 0B,119MB / 311kB,44
2026-07-31 10:03:58,glim,74.22%,371.1MiB / 30.66GiB,1.18%,0B / 0B,136MB / 11.7MB,35
2026-07-31 10:03:58,ouster,7.06%,244.7MiB / 30.66GiB,0.78%,0B / 0B,186MB / 3.26MB,30
2026-07-31 10:03:58,realsense,16.14%,178.1MiB / 30.66GiB,0.57%,0B / 0B,112MB / 3.78MB,33
2026-07-31 10:03:58,scovox,3.78%,212.2MiB / 30.66GiB,0.68%,0B / 0B,96.8MB / 4.04MB,53
2026-07-31 10:03:58,domain_bridge,0.05%,57.18MiB / 30.66GiB,0.18%,0B / 0B,31.6MB / 5.13MB,28
2026-07-31 10:03:58,openzen,2.68%,87MiB / 30.66GiB,0.28%,0B / 0B,82.2MB / 2.17MB,20
2026-07-31 10:03:58,mapir-ffmpeg,28.07%,330MiB / 30.66GiB,1.05%,0B / 0B,197MB / 1.38MB,33
2026-07-31 10:03:58,nav2,0.60%,202MiB / 30.66GiB,0.64%,0B / 0B,132MB / 1.17MB,90
2026-07-31 10:04:02,docker-recorder-run-6c8796142c07,0.00%,18.48MiB / 30.66GiB,0.06%,0B / 0B,38.5MB / 365kB,1
2026-07-31 10:04:02,trav_ros2,8.19%,310.6MiB / 30.66GiB,0.99%,0B / 0B,119MB / 311kB,44
2026-07-31 10:04:02,glim,71.85%,360MiB / 30.66GiB,1.15%,0B / 0B,136MB / 11.7MB,35
2026-07-31 10:04:02,ouster,6.99%,244.8MiB / 30.66GiB,0.78%,0B / 0B,186MB / 3.26MB,30
2026-07-31 10:04:02,realsense,16.22%,178.1MiB / 30.66GiB,0.57%,0B / 0B,112MB / 3.78MB,33
2026-07-31 10:04:02,scovox,3.96%,212.7MiB / 30.66GiB,0.68%,0B / 0B,96.8MB / 4.04MB,53
2026-07-31 10:04:02,domain_bridge,0.08%,56.97MiB / 30.66GiB,0.18%,0B / 0B,31.6MB / 5.13MB,28
2026-07-31 10:04:02,openzen,2.65%,86.76MiB / 30.66GiB,0.28%,0B / 0B,82.2MB / 2.17MB,20
2026-07-31 10:04:02,mapir-ffmpeg,27.96%,329.3MiB / 30.66GiB,1.05%,0B / 0B,197MB / 1.38MB,33
2026-07-31 10:04:02,nav2,0.61%,202MiB / 30.66GiB,0.64%,0B / 0B,132MB / 1.17MB,90
2026-07-31 10:04:05,docker-recorder-run-6c8796142c07,0.00%,18.48MiB / 30.66GiB,0.06%,0B / 0B,38.5MB / 365kB,1
2026-07-31 10:04:05,trav_ros2,7.85%,311.1MiB / 30.66GiB,0.99%,0B / 0B,119MB / 311kB,44
2026-07-31 10:04:05,glim,75.85%,375.9MiB / 30.66GiB,1.20%,0B / 0B,136MB / 11.7MB,35
2026-07-31 10:04:05,ouster,7.21%,245.8MiB / 30.66GiB,0.78%,0B / 0B,186MB / 3.26MB,30
2026-07-31 10:04:05,realsense,16.26%,178.7MiB / 30.66GiB,0.57%,0B / 0B,112MB / 3.78MB,33
2026-07-31 10:04:05,scovox,3.94%,213MiB / 30.66GiB,0.68%,0B / 0B,96.8MB / 4.04MB,53
2026-07-31 10:04:05,domain_bridge,0.16%,56.78MiB / 30.66GiB,0.18%,0B / 0B,31.6MB / 5.13MB,28
2026-07-31 10:04:05,openzen,2.75%,87.04MiB / 30.66GiB,0.28%,0B / 0B,82.2MB / 2.17MB,20
2026-07-31 10:04:05,mapir-ffmpeg,28.12%,330.1MiB / 30.66GiB,1.05%,0B / 0B,197MB / 1.38MB,33
2026-07-31 10:04:05,nav2,1.27%,203MiB / 30.66GiB,0.65%,0B / 0B,132MB / 1.17MB,90
2026-07-31 10:04:08,docker-recorder-run-6c8796142c07,0.00%,18.48MiB / 30.66GiB,0.06%,0B / 0B,38.5MB / 459kB,1
2026-07-31 10:04:08,trav_ros2,8.42%,311.7MiB / 30.66GiB,0.99%,0B / 0B,119MB / 823kB,44
2026-07-31 10:04:08,glim,73.35%,363.3MiB / 30.66GiB,1.16%,0B / 0B,136MB / 11.7MB,35
2026-07-31 10:04:08,ouster,7.43%,244.5MiB / 30.66GiB,0.78%,0B / 0B,186MB / 3.26MB,30
2026-07-31 10:04:08,realsense,16.22%,177.9MiB / 30.66GiB,0.57%,0B / 0B,112MB / 3.78MB,33
2026-07-31 10:04:08,scovox,4.12%,212.8MiB / 30.66GiB,0.68%,0B / 0B,96.8MB / 4.04MB,53
2026-07-31 10:04:08,domain_bridge,0.08%,57.28MiB / 30.66GiB,0.18%,0B / 0B,31.6MB / 5.13MB,28
2026-07-31 10:04:08,openzen,2.59%,86.57MiB / 30.66GiB,0.28%,0B / 0B,82.2MB / 2.17MB,20
2026-07-31 10:04:08,mapir-ffmpeg,26.79%,330.4MiB / 30.66GiB,1.05%,0B / 0B,197MB / 1.38MB,33
2026-07-31 10:04:08,nav2,0.57%,202.3MiB / 30.66GiB,0.64%,0B / 0B,132MB / 1.17MB,90
2026-07-31 10:04:11,docker-recorder-run-6c8796142c07,0.00%,18.48MiB / 30.66GiB,0.06%,0B / 0B,38.5MB / 459kB,1
2026-07-31 10:04:11,trav_ros2,8.48%,310.8MiB / 30.66GiB,0.99%,0B / 0B,119MB / 823kB,44
2026-07-31 10:04:11,glim,72.78%,362.3MiB / 30.66GiB,1.15%,0B / 0B,136MB / 11.7MB,35
2026-07-31 10:04:11,ouster,6.96%,244.9MiB / 30.66GiB,0.78%,0B / 0B,186MB / 3.26MB,30
2026-07-31 10:04:11,realsense,16.13%,178.2MiB / 30.66GiB,0.57%,0B / 0B,112MB / 3.78MB,33
2026-07-31 10:04:11,scovox,4.17%,212.3MiB / 30.66GiB,0.68%,0B / 0B,96.8MB / 4.04MB,53
2026-07-31 10:04:11,domain_bridge,0.52%,57.8MiB / 30.66GiB,0.18%,0B / 0B,31.6MB / 5.13MB,28
2026-07-31 10:04:11,openzen,2.86%,87.09MiB / 30.66GiB,0.28%,0B / 0B,82.2MB / 2.17MB,20
2026-07-31 10:04:11,mapir-ffmpeg,27.20%,330.2MiB / 30.66GiB,1.05%,0B / 0B,197MB / 1.38MB,33
2026-07-31 10:04:11,nav2,0.66%,202.4MiB / 30.66GiB,0.64%,0B / 0B,132MB / 1.17MB,90
2026-07-31 10:04:14,docker-recorder-run-6c8796142c07,0.00%,18.48MiB / 30.66GiB,0.06%,0B / 0B,38.5MB / 2.11MB,1
2026-07-31 10:04:14,trav_ros2,8.39%,315.7MiB / 30.66GiB,1.01%,0B / 0B,119MB / 1.9MB,44
2026-07-31 10:04:14,glim,80.12%,375.9MiB / 30.66GiB,1.20%,0B / 0B,136MB / 11.7MB,35
2026-07-31 10:04:14,ouster,7.02%,245MiB / 30.66GiB,0.78%,0B / 0B,186MB / 3.26MB,30
2026-07-31 10:04:14,realsense,16.43%,178.3MiB / 30.66GiB,0.57%,0B / 0B,112MB / 3.78MB,33
2026-07-31 10:04:14,scovox,4.19%,206.9MiB / 30.66GiB,0.66%,0B / 0B,96.8MB / 4.05MB,53
2026-07-31 10:04:14,domain_bridge,0.15%,57.34MiB / 30.66GiB,0.18%,0B / 0B,31.6MB / 5.13MB,28
2026-07-31 10:04:14,openzen,2.53%,86.39MiB / 30.66GiB,0.28%,0B / 0B,82.2MB / 2.17MB,20
2026-07-31 10:04:14,mapir-ffmpeg,27.50%,330.3MiB / 30.66GiB,1.05%,0B / 0B,197MB / 1.4MB,33
2026-07-31 10:04:14,nav2,0.68%,202.8MiB / 30.66GiB,0.65%,0B / 0B,132MB / 1.19MB,90
2026-07-31 10:04:17,docker-recorder-run-6c8796142c07,0.00%,18.44MiB / 30.66GiB,0.06%,0B / 0B,38.5MB / 2.11MB,1
2026-07-31 10:04:17,trav_ros2,7.86%,314.7MiB / 30.66GiB,1.00%,0B / 0B,119MB / 1.9MB,44
2026-07-31 10:04:17,glim,72.16%,375.4MiB / 30.66GiB,1.20%,0B / 0B,136MB / 11.7MB,35
2026-07-31 10:04:17,ouster,7.09%,244.4MiB / 30.66GiB,0.78%,0B / 0B,186MB / 3.26MB,30
2026-07-31 10:04:17,realsense,16.46%,177.5MiB / 30.66GiB,0.57%,0B / 0B,112MB / 3.78MB,33
2026-07-31 10:04:17,scovox,3.85%,212.9MiB / 30.66GiB,0.68%,0B / 0B,96.8MB / 4.05MB,53
2026-07-31 10:04:17,domain_bridge,0.04%,57.11MiB / 30.66GiB,0.18%,0B / 0B,31.6MB / 5.13MB,28
2026-07-31 10:04:17,openzen,2.41%,86.15MiB / 30.66GiB,0.27%,0B / 0B,82.2MB / 2.17MB,20
2026-07-31 10:04:17,mapir-ffmpeg,27.42%,329.3MiB / 30.66GiB,1.05%,0B / 0B,197MB / 1.4MB,33
2026-07-31 10:04:17,nav2,0.49%,202.1MiB / 30.66GiB,0.64%,0B / 0B,132MB / 1.19MB,90
2026-07-31 10:04:20,docker-recorder-run-6c8796142c07,0.00%,18.29MiB / 30.66GiB,0.06%,0B / 0B,38.5MB / 9.68MB,1
2026-07-31 10:04:20,trav_ros2,7.92%,315.3MiB / 30.66GiB,1.00%,0B / 0B,119MB / 1.91MB,44
2026-07-31 10:04:20,glim,73.15%,377.5MiB / 30.66GiB,1.20%,0B / 0B,136MB / 11.7MB,35
2026-07-31 10:04:20,ouster,7.18%,244.6MiB / 30.66GiB,0.78%,0B / 0B,186MB / 3.26MB,30
2026-07-31 10:04:20,realsense,16.77%,178.3MiB / 30.66GiB,0.57%,0B / 0B,112MB / 3.78MB,33
2026-07-31 10:04:20,scovox,4.22%,212.8MiB / 30.66GiB,0.68%,0B / 0B,96.8MB / 4.05MB,53
2026-07-31 10:04:20,domain_bridge,0.19%,57.91MiB / 30.66GiB,0.18%,0B / 0B,31.6MB / 5.13MB,28
2026-07-31 10:04:20,openzen,2.84%,86.92MiB / 30.66GiB,0.28%,0B / 0B,82.2MB / 2.17MB,20
2026-07-31 10:04:20,mapir-ffmpeg,27.32%,330.6MiB / 30.66GiB,1.05%,0B / 0B,197MB / 1.4MB,33
2026-07-31 10:04:20,nav2,1.16%,203.5MiB / 30.66GiB,0.65%,0B / 0B,132MB / 1.19MB,90
2026-07-31 10:04:23,docker-recorder-run-6c8796142c07,0.00%,18.29MiB / 30.66GiB,0.06%,0B / 0B,38.5MB / 9.68MB,1
2026-07-31 10:04:23,trav_ros2,7.85%,315.3MiB / 30.66GiB,1.00%,0B / 0B,119MB / 1.91MB,44
2026-07-31 10:04:23,glim,72.40%,378.1MiB / 30.66GiB,1.20%,0B / 0B,136MB / 11.7MB,35
2026-07-31 10:04:23,ouster,6.95%,244.7MiB / 30.66GiB,0.78%,0B / 0B,186MB / 3.26MB,30
2026-07-31 10:04:23,realsense,16.73%,177.3MiB / 30.66GiB,0.56%,0B / 0B,112MB / 3.78MB,33
2026-07-31 10:04:23,scovox,3.80%,213.6MiB / 30.66GiB,0.68%,0B / 0B,96.8MB / 4.05MB,53
2026-07-31 10:04:23,domain_bridge,0.06%,57.41MiB / 30.66GiB,0.18%,0B / 0B,31.6MB / 5.13MB,28
2026-07-31 10:04:23,openzen,2.74%,86.7MiB / 30.66GiB,0.28%,0B / 0B,82.2MB / 2.17MB,20
2026-07-31 10:04:23,mapir-ffmpeg,27.41%,329.4MiB / 30.66GiB,1.05%,0B / 0B,197MB / 1.4MB,33
2026-07-31 10:04:23,nav2,0.62%,202.2MiB / 30.66GiB,0.64%,0B / 0B,132MB / 1.19MB,90
2026-07-31 10:04:26,docker-recorder-run-6c8796142c07,0.00%,18.29MiB / 30.66GiB,0.06%,0B / 0B,38.5MB / 9.68MB,1
2026-07-31 10:04:26,trav_ros2,0.93%,167.2MiB / 30.66GiB,0.53%,0B / 0B,119MB / 1.91MB,31
2026-07-31 10:04:26,glim,74.78%,386.5MiB / 30.66GiB,1.23%,0B / 0B,136MB / 11.7MB,35
2026-07-31 10:04:26,ouster,6.95%,247.6MiB / 30.66GiB,0.79%,0B / 0B,186MB / 3.26MB,30
2026-07-31 10:04:26,realsense,16.96%,179.8MiB / 30.66GiB,0.57%,0B / 0B,112MB / 3.78MB,33
2026-07-31 10:04:26,scovox,8.75%,193.9MiB / 30.66GiB,0.62%,0B / 0B,96.8MB / 4.05MB,53
2026-07-31 10:04:26,domain_bridge,0.57%,59.22MiB / 30.66GiB,0.19%,0B / 0B,31.6MB / 5.13MB,28
2026-07-31 10:04:26,openzen,2.86%,88.11MiB / 30.66GiB,0.28%,0B / 0B,82.2MB / 2.17MB,20
2026-07-31 10:04:26,mapir-ffmpeg,27.56%,332.5MiB / 30.66GiB,1.06%,0B / 0B,197MB / 1.4MB,33
2026-07-31 10:04:26,nav2,4.36%,210.9MiB / 30.66GiB,0.67%,0B / 0B,132MB / 1.19MB,90
2026-07-31 10:04:29,docker-recorder-run-6c8796142c07,0.00%,18.29MiB / 30.66GiB,0.06%,0B / 0B,38.5MB / 9.68MB,1
2026-07-31 10:04:29,trav_ros2,0.68%,166.8MiB / 30.66GiB,0.53%,0B / 0B,119MB / 1.91MB,31
2026-07-31 10:04:29,glim,69.47%,392MiB / 30.66GiB,1.25%,0B / 0B,136MB / 11.7MB,35
2026-07-31 10:04:29,ouster,7.13%,247.6MiB / 30.66GiB,0.79%,0B / 0B,186MB / 3.26MB,30
2026-07-31 10:04:29,realsense,16.85%,179.8MiB / 30.66GiB,0.57%,0B / 0B,112MB / 3.78MB,33
2026-07-31 10:04:29,scovox,61.56%,314.6MiB / 30.66GiB,1.00%,0B / 0B,96.8MB / 4.05MB,53
2026-07-31 10:04:29,domain_bridge,0.33%,61.07MiB / 30.66GiB,0.19%,0B / 0B,31.6MB / 5.13MB,28
2026-07-31 10:04:29,openzen,3.01%,88.38MiB / 30.66GiB,0.28%,0B / 0B,82.2MB / 2.17MB,20
2026-07-31 10:04:29,mapir-ffmpeg,27.66%,332.1MiB / 30.66GiB,1.06%,0B / 0B,197MB / 1.4MB,33
2026-07-31 10:04:29,nav2,1.24%,211.9MiB / 30.66GiB,0.67%,0B / 0B,132MB / 1.19MB,90
2026-07-31 10:04:32,docker-recorder-run-6c8796142c07,0.00%,18.29MiB / 30.66GiB,0.06%,0B / 0B,38.5MB / 9.68MB,1
2026-07-31 10:04:32,trav_ros2,0.69%,167MiB / 30.66GiB,0.53%,0B / 0B,119MB / 1.91MB,31
2026-07-31 10:04:32,glim,71.25%,392.7MiB / 30.66GiB,1.25%,0B / 0B,136MB / 11.7MB,35
2026-07-31 10:04:32,ouster,7.07%,247.4MiB / 30.66GiB,0.79%,0B / 0B,186MB / 3.26MB,30
2026-07-31 10:04:32,realsense,16.80%,179.5MiB / 30.66GiB,0.57%,0B / 0B,112MB / 3.78MB,33
2026-07-31 10:04:32,scovox,88.45%,313.1MiB / 30.66GiB,1.00%,0B / 0B,96.8MB / 4.05MB,53
2026-07-31 10:04:32,domain_bridge,1.12%,63.04MiB / 30.66GiB,0.20%,0B / 0B,31.6MB / 5.13MB,28
2026-07-31 10:04:32,openzen,3.23%,88.16MiB / 30.66GiB,0.28%,0B / 0B,82.2MB / 2.17MB,20
2026-07-31 10:04:32,mapir-ffmpeg,28.25%,333.1MiB / 30.66GiB,1.06%,0B / 0B,197MB / 1.4MB,33
2026-07-31 10:04:32,nav2,1.29%,211.6MiB / 30.66GiB,0.67%,0B / 0B,132MB / 1.19MB,90
2026-07-31 10:04:35,docker-recorder-run-6c8796142c07,0.00%,18.29MiB / 30.66GiB,0.06%,0B / 0B,38.5MB / 9.68MB,1
2026-07-31 10:04:35,trav_ros2,0.80%,167.6MiB / 30.66GiB,0.53%,0B / 0B,119MB / 1.91MB,31
2026-07-31 10:04:35,glim,66.85%,378.8MiB / 30.66GiB,1.21%,0B / 0B,136MB / 11.7MB,35
2026-07-31 10:04:35,ouster,6.67%,247.7MiB / 30.66GiB,0.79%,0B / 0B,186MB / 3.26MB,30
2026-07-31 10:04:35,realsense,17.39%,179.1MiB / 30.66GiB,0.57%,0B / 0B,112MB / 3.78MB,33
2026-07-31 10:04:35,scovox,63.65%,363MiB / 30.66GiB,1.16%,0B / 0B,96.8MB / 4.05MB,53
2026-07-31 10:04:35,domain_bridge,0.59%,63.17MiB / 30.66GiB,0.20%,0B / 0B,31.6MB / 5.13MB,28
2026-07-31 10:04:35,openzen,3.22%,88.21MiB / 30.66GiB,0.28%,0B / 0B,82.2MB / 2.17MB,20
2026-07-31 10:04:35,mapir-ffmpeg,28.98%,332.9MiB / 30.66GiB,1.06%,0B / 0B,197MB / 1.4MB,33
2026-07-31 10:04:35,nav2,1.80%,213.1MiB / 30.66GiB,0.68%,0B / 0B,132MB / 1.19MB,90
2026-07-31 10:04:38,docker-recorder-run-6c8796142c07,0.00%,18.29MiB / 30.66GiB,0.06%,0B / 0B,38.5MB / 9.68MB,1
2026-07-31 10:04:38,trav_ros2,0.71%,167.6MiB / 30.66GiB,0.53%,0B / 0B,119MB / 1.91MB,31
2026-07-31 10:04:38,glim,75.32%,379.3MiB / 30.66GiB,1.21%,0B / 0B,136MB / 11.7MB,35
2026-07-31 10:04:38,ouster,6.95%,247.8MiB / 30.66GiB,0.79%,0B / 0B,186MB / 3.26MB,30
2026-07-31 10:04:38,realsense,17.38%,179.4MiB / 30.66GiB,0.57%,0B / 0B,112MB / 3.78MB,33
2026-07-31 10:04:38,scovox,89.01%,318.3MiB / 30.66GiB,1.01%,0B / 0B,96.8MB / 4.05MB,53
2026-07-31 10:04:38,domain_bridge,0.65%,62.8MiB / 30.66GiB,0.20%,0B / 0B,31.6MB / 5.13MB,28
2026-07-31 10:04:38,openzen,3.20%,88.73MiB / 30.66GiB,0.28%,0B / 0B,82.2MB / 2.17MB,20
2026-07-31 10:04:38,mapir-ffmpeg,28.93%,332.5MiB / 30.66GiB,1.06%,0B / 0B,197MB / 1.4MB,33
2026-07-31 10:04:38,nav2,1.25%,212.2MiB / 30.66GiB,0.68%,0B / 0B,132MB / 1.19MB,90
2026-07-31 10:04:41,docker-recorder-run-6c8796142c07,0.00%,18.29MiB / 30.66GiB,0.06%,0B / 0B,38.5MB / 9.68MB,1
2026-07-31 10:04:41,trav_ros2,0.69%,167.9MiB / 30.66GiB,0.53%,0B / 0B,119MB / 1.91MB,31
2026-07-31 10:04:41,glim,70.76%,379.4MiB / 30.66GiB,1.21%,0B / 0B,136MB / 11.8MB,35
2026-07-31 10:04:41,ouster,6.44%,248.4MiB / 30.66GiB,0.79%,0B / 0B,186MB / 3.26MB,30
2026-07-31 10:04:41,realsense,16.94%,180.1MiB / 30.66GiB,0.57%,0B / 0B,112MB / 3.78MB,33
2026-07-31 10:04:41,scovox,65.36%,369.6MiB / 30.66GiB,1.18%,0B / 0B,96.8MB / 4.05MB,53
2026-07-31 10:04:41,domain_bridge,0.71%,63.75MiB / 30.66GiB,0.20%,0B / 0B,31.6MB / 5.13MB,28
2026-07-31 10:04:41,openzen,3.25%,88.04MiB / 30.66GiB,0.28%,0B / 0B,82.2MB / 2.17MB,20
2026-07-31 10:04:41,mapir-ffmpeg,28.38%,332.6MiB / 30.66GiB,1.06%,0B / 0B,197MB / 1.4MB,33
2026-07-31 10:04:41,nav2,1.15%,212MiB / 30.66GiB,0.68%,0B / 0B,132MB / 1.19MB,90
2026-07-31 10:04:45,docker-recorder-run-6c8796142c07,0.00%,18.29MiB / 30.66GiB,0.06%,0B / 0B,38.5MB / 9.68MB,1
2026-07-31 10:04:45,trav_ros2,0.58%,167.4MiB / 30.66GiB,0.53%,0B / 0B,119MB / 1.96MB,31
2026-07-31 10:04:45,glim,73.12%,379.6MiB / 30.66GiB,1.21%,0B / 0B,136MB / 11.8MB,35
2026-07-31 10:04:45,ouster,6.64%,247.7MiB / 30.66GiB,0.79%,0B / 0B,186MB / 3.26MB,30
2026-07-31 10:04:45,realsense,16.83%,180.2MiB / 30.66GiB,0.57%,0B / 0B,112MB / 3.78MB,33
2026-07-31 10:04:45,scovox,81.40%,343.2MiB / 30.66GiB,1.09%,0B / 0B,96.8MB / 4.09MB,53
2026-07-31 10:04:45,domain_bridge,0.64%,63.84MiB / 30.66GiB,0.20%,0B / 0B,31.6MB / 5.13MB,28
2026-07-31 10:04:45,openzen,2.93%,88.31MiB / 30.66GiB,0.28%,0B / 0B,82.2MB / 2.17MB,20
2026-07-31 10:04:45,mapir-ffmpeg,28.86%,333.4MiB / 30.66GiB,1.06%,0B / 0B,197MB / 1.4MB,33
2026-07-31 10:04:45,nav2,1.72%,213.8MiB / 30.66GiB,0.68%,0B / 0B,132MB / 1.19MB,90
2026-07-31 10:04:48,docker-recorder-run-6c8796142c07,0.00%,18.29MiB / 30.66GiB,0.06%,0B / 0B,38.5MB / 9.68MB,1
2026-07-31 10:04:48,trav_ros2,0.60%,167.1MiB / 30.66GiB,0.53%,0B / 0B,119MB / 1.96MB,31
2026-07-31 10:04:48,glim,72.76%,387.9MiB / 30.66GiB,1.24%,0B / 0B,136MB / 11.8MB,35
2026-07-31 10:04:48,ouster,6.62%,247.7MiB / 30.66GiB,0.79%,0B / 0B,186MB / 3.26MB,30
2026-07-31 10:04:48,realsense,16.66%,180MiB / 30.66GiB,0.57%,0B / 0B,112MB / 3.78MB,33
2026-07-31 10:04:48,scovox,70.94%,365MiB / 30.66GiB,1.16%,0B / 0B,96.8MB / 4.09MB,53
2026-07-31 10:04:48,domain_bridge,0.31%,63.55MiB / 30.66GiB,0.20%,0B / 0B,31.6MB / 5.13MB,28
2026-07-31 10:04:48,openzen,3.10%,88.58MiB / 30.66GiB,0.28%,0B / 0B,82.2MB / 2.17MB,20
2026-07-31 10:04:48,mapir-ffmpeg,28.79%,333.2MiB / 30.66GiB,1.06%,0B / 0B,197MB / 1.41MB,33
2026-07-31 10:04:48,nav2,0.85%,212.6MiB / 30.66GiB,0.68%,0B / 0B,132MB / 1.2MB,90
2026-07-31 10:04:51,docker-recorder-run-6c8796142c07,0.00%,18.29MiB / 30.66GiB,0.06%,0B / 0B,38.5MB / 9.68MB,1
2026-07-31 10:04:51,trav_ros2,0.71%,168.3MiB / 30.66GiB,0.54%,0B / 0B,119MB / 1.96MB,31
2026-07-31 10:04:51,glim,71.28%,393.7MiB / 30.66GiB,1.25%,0B / 0B,136MB / 11.8MB,35
2026-07-31 10:04:51,ouster,6.83%,247.6MiB / 30.66GiB,0.79%,0B / 0B,186MB / 3.26MB,30
2026-07-31 10:04:51,realsense,16.53%,179.7MiB / 30.66GiB,0.57%,0B / 0B,112MB / 3.78MB,33
2026-07-31 10:04:51,scovox,70.18%,348.6MiB / 30.66GiB,1.11%,0B / 0B,96.8MB / 4.1MB,53
2026-07-31 10:04:51,domain_bridge,0.67%,64.46MiB / 30.66GiB,0.21%,0B / 0B,31.6MB / 5.13MB,28
2026-07-31 10:04:51,openzen,3.14%,88.37MiB / 30.66GiB,0.28%,0B / 0B,82.2MB / 2.17MB,20
2026-07-31 10:04:51,mapir-ffmpeg,28.26%,333.2MiB / 30.66GiB,1.06%,0B / 0B,197MB / 1.41MB,33
2026-07-31 10:04:51,nav2,1.13%,212.3MiB / 30.66GiB,0.68%,0B / 0B,132MB / 1.2MB,90
2026-07-31 10:04:54,docker-recorder-run-6c8796142c07,0.00%,18.29MiB / 30.66GiB,0.06%,0B / 0B,38.5MB / 9.68MB,1
2026-07-31 10:04:54,trav_ros2,0.68%,167.6MiB / 30.66GiB,0.53%,0B / 0B,119MB / 1.96MB,31
2026-07-31 10:04:54,glim,69.78%,393MiB / 30.66GiB,1.25%,0B / 0B,136MB / 11.8MB,35
2026-07-31 10:04:54,ouster,6.59%,248MiB / 30.66GiB,0.79%,0B / 0B,186MB / 3.26MB,30
2026-07-31 10:04:54,realsense,16.71%,180MiB / 30.66GiB,0.57%,0B / 0B,112MB / 3.78MB,33
2026-07-31 10:04:54,scovox,80.46%,284.7MiB / 30.66GiB,0.91%,0B / 0B,96.8MB / 4.1MB,53
2026-07-31 10:04:54,domain_bridge,0.49%,63.63MiB / 30.66GiB,0.20%,0B / 0B,31.6MB / 5.13MB,28
2026-07-31 10:04:54,openzen,3.07%,87.54MiB / 30.66GiB,0.28%,0B / 0B,82.2MB / 2.17MB,20
2026-07-31 10:04:54,mapir-ffmpeg,29.03%,333.5MiB / 30.66GiB,1.06%,0B / 0B,197MB / 1.41MB,33
2026-07-31 10:04:54,nav2,1.13%,213MiB / 30.66GiB,0.68%,0B / 0B,132MB / 1.2MB,90
2026-07-31 10:04:57,docker-recorder-run-6c8796142c07,0.00%,18.29MiB / 30.66GiB,0.06%,0B / 0B,38.5MB / 9.68MB,1
2026-07-31 10:04:57,trav_ros2,0.60%,167.4MiB / 30.66GiB,0.53%,0B / 0B,119MB / 1.96MB,31
2026-07-31 10:04:57,glim,72.64%,387.7MiB / 30.66GiB,1.23%,0B / 0B,136MB / 11.8MB,35
2026-07-31 10:04:57,ouster,6.29%,247.2MiB / 30.66GiB,0.79%,0B / 0B,186MB / 3.26MB,30
2026-07-31 10:04:57,realsense,16.99%,180MiB / 30.66GiB,0.57%,0B / 0B,112MB / 3.78MB,33
2026-07-31 10:04:57,scovox,62.95%,350.9MiB / 30.66GiB,1.12%,0B / 0B,96.8MB / 4.1MB,53
2026-07-31 10:04:57,domain_bridge,0.06%,62.73MiB / 30.66GiB,0.20%,0B / 0B,31.6MB / 5.13MB,28
2026-07-31 10:04:57,openzen,2.71%,87.29MiB / 30.66GiB,0.28%,0B / 0B,82.2MB / 2.17MB,20
2026-07-31 10:04:57,mapir-ffmpeg,28.94%,334.3MiB / 30.66GiB,1.06%,0B / 0B,197MB / 1.41MB,33
2026-07-31 10:04:57,nav2,0.94%,212.3MiB / 30.66GiB,0.68%,0B / 0B,132MB / 1.2MB,90
2026-07-31 10:05:00,docker-recorder-run-6c8796142c07,0.00%,18.29MiB / 30.66GiB,0.06%,0B / 0B,38.5MB / 9.68MB,1
2026-07-31 10:05:00,trav_ros2,0.76%,167.7MiB / 30.66GiB,0.53%,0B / 0B,119MB / 1.97MB,31
2026-07-31 10:05:00,glim,72.74%,389.6MiB / 30.66GiB,1.24%,0B / 0B,136MB / 11.8MB,35
2026-07-31 10:05:00,ouster,6.52%,247.1MiB / 30.66GiB,0.79%,0B / 0B,186MB / 3.26MB,30
2026-07-31 10:05:00,realsense,16.92%,179MiB / 30.66GiB,0.57%,0B / 0B,112MB / 3.78MB,33
2026-07-31 10:05:00,scovox,82.89%,291.8MiB / 30.66GiB,0.93%,0B / 0B,96.8MB / 4.1MB,53
2026-07-31 10:05:00,domain_bridge,0.31%,63.54MiB / 30.66GiB,0.20%,0B / 0B,31.6MB / 5.13MB,28
2026-07-31 10:05:00,openzen,3.01%,87.56MiB / 30.66GiB,0.28%,0B / 0B,82.2MB / 2.17MB,20
2026-07-31 10:05:00,mapir-ffmpeg,28.04%,333.8MiB / 30.66GiB,1.06%,0B / 0B,197MB / 1.41MB,33
2026-07-31 10:05:00,nav2,1.25%,213.1MiB / 30.66GiB,0.68%,0B / 0B,132MB / 1.2MB,90
2026-07-31 10:05:03,docker-recorder-run-6c8796142c07,0.00%,18.29MiB / 30.66GiB,0.06%,0B / 0B,38.5MB / 9.68MB,1
2026-07-31 10:05:03,trav_ros2,0.59%,167.5MiB / 30.66GiB,0.53%,0B / 0B,119MB / 1.97MB,31
2026-07-31 10:05:03,glim,77.42%,392.4MiB / 30.66GiB,1.25%,0B / 0B,136MB / 11.8MB,35
2026-07-31 10:05:03,ouster,6.27%,247MiB / 30.66GiB,0.79%,0B / 0B,186MB / 3.26MB,30
2026-07-31 10:05:03,realsense,17.16%,178.2MiB / 30.66GiB,0.57%,0B / 0B,112MB / 3.78MB,33
2026-07-31 10:05:03,scovox,57.43%,356.6MiB / 30.66GiB,1.14%,0B / 0B,96.8MB / 4.1MB,53
2026-07-31 10:05:03,domain_bridge,0.07%,63.24MiB / 30.66GiB,0.20%,0B / 0B,31.6MB / 5.13MB,28
2026-07-31 10:05:03,openzen,2.99%,87.35MiB / 30.66GiB,0.28%,0B / 0B,82.2MB / 2.17MB,20
2026-07-31 10:05:03,mapir-ffmpeg,28.04%,332.4MiB / 30.66GiB,1.06%,0B / 0B,197MB / 1.41MB,33
2026-07-31 10:05:03,nav2,1.11%,212.9MiB / 30.66GiB,0.68%,0B / 0B,132MB / 1.2MB,90
2026-07-31 10:05:06,docker-recorder-run-6c8796142c07,0.00%,18.29MiB / 30.66GiB,0.06%,0B / 0B,38.5MB / 9.68MB,1
2026-07-31 10:05:06,trav_ros2,0.79%,168.1MiB / 30.66GiB,0.54%,0B / 0B,119MB / 1.97MB,31
2026-07-31 10:05:06,glim,71.21%,392.9MiB / 30.66GiB,1.25%,0B / 0B,136MB / 11.8MB,35
2026-07-31 10:05:06,ouster,6.43%,246.9MiB / 30.66GiB,0.79%,0B / 0B,186MB / 3.26MB,30
2026-07-31 10:05:06,realsense,16.93%,179MiB / 30.66GiB,0.57%,0B / 0B,112MB / 3.78MB,33
2026-07-31 10:05:06,scovox,87.20%,311.5MiB / 30.66GiB,0.99%,0B / 0B,96.8MB / 4.1MB,53
2026-07-31 10:05:06,domain_bridge,0.27%,63.26MiB / 30.66GiB,0.20%,0B / 0B,31.6MB / 5.13MB,28
2026-07-31 10:05:06,openzen,3.00%,87.14MiB / 30.66GiB,0.28%,0B / 0B,82.2MB / 2.17MB,20
2026-07-31 10:05:06,mapir-ffmpeg,29.34%,332.6MiB / 30.66GiB,1.06%,0B / 0B,197MB / 1.41MB,33
2026-07-31 10:05:06,nav2,0.83%,212.8MiB / 30.66GiB,0.68%,0B / 0B,132MB / 1.2MB,90
2026-07-31 10:05:09,docker-recorder-run-6c8796142c07,28.44%,31.64MiB / 30.66GiB,0.10%,0B / 0B,48.8MB / 48.9MB,2
2026-07-31 10:05:09,trav_ros2,1.70%,168.3MiB / 30.66GiB,0.54%,0B / 0B,119MB / 1.97MB,31
2026-07-31 10:05:09,glim,75.80%,393.2MiB / 30.66GiB,1.25%,0B / 0B,136MB / 11.8MB,35
2026-07-31 10:05:09,ouster,7.83%,247.1MiB / 30.66GiB,0.79%,0B / 0B,186MB / 3.26MB,30
2026-07-31 10:05:09,realsense,19.79%,191.7MiB / 30.66GiB,0.61%,0B / 0B,123MB / 3.79MB,36
2026-07-31 10:05:09,scovox,65.60%,359.4MiB / 30.66GiB,1.14%,0B / 0B,96.8MB / 4.17MB,53
2026-07-31 10:05:09,domain_bridge,4.91%,62.92MiB / 30.66GiB,0.20%,0B / 0B,31.6MB / 5.13MB,28
2026-07-31 10:05:09,openzen,4.10%,88.25MiB / 30.66GiB,0.28%,0B / 0B,82.2MB / 2.17MB,20
2026-07-31 10:05:09,mapir-ffmpeg,43.26%,563.7MiB / 30.66GiB,1.80%,0B / 0B,201MB / 1.42MB,40
2026-07-31 10:05:09,nav2,5.27%,210.3MiB / 30.66GiB,0.67%,0B / 0B,132MB / 1.2MB,90
2026-07-31 10:05:12,trav_ros2,0.92%,167.9MiB / 30.66GiB,0.53%,0B / 0B,119MB / 1.97MB,31
2026-07-31 10:05:12,glim,74.67%,394MiB / 30.66GiB,1.25%,0B / 0B,136MB / 11.8MB,35
2026-07-31 10:05:12,ouster,7.05%,247.7MiB / 30.66GiB,0.79%,0B / 0B,186MB / 3.26MB,30
2026-07-31 10:05:12,scovox,87.56%,311.6MiB / 30.66GiB,0.99%,0B / 0B,96.8MB / 4.19MB,53
2026-07-31 10:05:12,domain_bridge,0.87%,62.98MiB / 30.66GiB,0.20%,0B / 0B,31.6MB / 5.13MB,28
2026-07-31 10:05:12,openzen,3.26%,88.04MiB / 30.66GiB,0.28%,0B / 0B,82.2MB / 2.17MB,20
2026-07-31 10:05:12,nav2,1.08%,208.5MiB / 30.66GiB,0.66%,0B / 0B,132MB / 1.2MB,90
2026-07-31 10:05:15,trav_ros2,1.23%,169.9MiB / 30.66GiB,0.54%,0B / 0B,119MB / 1.97MB,31
2026-07-31 10:05:15,glim,71.71%,393.2MiB / 30.66GiB,1.25%,0B / 0B,136MB / 11.8MB,35
2026-07-31 10:05:15,ouster,7.28%,247.6MiB / 30.66GiB,0.79%,0B / 0B,186MB / 3.26MB,30
2026-07-31 10:05:15,scovox,62.75%,364.6MiB / 30.66GiB,1.16%,0B / 0B,96.8MB / 4.19MB,53
2026-07-31 10:05:15,domain_bridge,2.50%,63.61MiB / 30.66GiB,0.20%,0B / 0B,31.6MB / 5.13MB,28
2026-07-31 10:05:15,openzen,3.76%,88.77MiB / 30.66GiB,0.28%,0B / 0B,82.2MB / 2.17MB,20
2026-07-31 10:05:15,nav2,1.69%,209MiB / 30.66GiB,0.67%,0B / 0B,132MB / 1.2MB,90
2026-07-31 10:05:18,trav_ros2,0.88%,168.2MiB / 30.66GiB,0.54%,0B / 0B,119MB / 1.97MB,31
2026-07-31 10:05:18,glim,74.29%,394MiB / 30.66GiB,1.25%,0B / 0B,136MB / 11.8MB,35
2026-07-31 10:05:18,ouster,7.42%,248.5MiB / 30.66GiB,0.79%,0B / 0B,186MB / 3.26MB,30
2026-07-31 10:05:18,scovox,87.83%,315MiB / 30.66GiB,1.00%,0B / 0B,96.8MB / 4.19MB,53
2026-07-31 10:05:18,domain_bridge,1.32%,64.02MiB / 30.66GiB,0.20%,0B / 0B,31.6MB / 5.13MB,28
2026-07-31 10:05:18,openzen,3.56%,87.85MiB / 30.66GiB,0.28%,0B / 0B,82.2MB / 2.17MB,20
2026-07-31 10:05:18,nav2,2.53%,211.5MiB / 30.66GiB,0.67%,0B / 0B,132MB / 1.2MB,90
2026-07-31 10:05:26,ouster,45.02%,112.3MiB / 30.66GiB,0.36%,0B / 0B,0B / 1.3MB,30
2026-07-31 10:05:26,mapir-ffmpeg,7.30%,124.9MiB / 30.66GiB,0.40%,0B / 0B,0B / 795kB,32
2026-07-31 10:05:26,openzen,1.10%,32.16MiB / 30.66GiB,0.10%,0B / 0B,0B / 2.14MB,19
2026-07-31 10:05:26,scovox,144.86%,44.43MiB / 30.66GiB,0.14%,0B / 0B,0B / 778kB,7
2026-07-31 10:05:26,domain_bridge,200.53%,49.14MiB / 30.66GiB,0.16%,0B / 0B,0B / 147kB,11
2026-07-31 10:05:26,realsense,130.64%,12.34MiB / 30.66GiB,0.04%,0B / 0B,131kB / 319kB,2
2026-07-31 10:05:26,nav2,5.40%,112.3MiB / 30.66GiB,0.36%,0B / 0B,0B / 1.13MB,90
2026-07-31 10:05:26,glim,110.44%,24.96MiB / 30.66GiB,0.08%,0B / 0B,274kB / 98.3kB,4
2026-07-31 10:05:29,glim,42.23%,89.96MiB / 30.66GiB,0.29%,0B / 0B,274kB / 98.3kB,20
2026-07-31 10:05:29,ouster,7.07%,117.7MiB / 30.66GiB,0.37%,0B / 0B,0B / 1.3MB,30
2026-07-31 10:05:29,mapir-ffmpeg,28.87%,167.4MiB / 30.66GiB,0.53%,0B / 0B,0B / 795kB,33
2026-07-31 10:05:29,openzen,3.28%,32.35MiB / 30.66GiB,0.10%,0B / 0B,0B / 2.14MB,20
2026-07-31 10:05:29,scovox,5.52%,150.9MiB / 30.66GiB,0.48%,0B / 0B,0B / 852kB,53
2026-07-31 10:05:29,domain_bridge,183.88%,51.02MiB / 30.66GiB,0.16%,0B / 0B,32.8kB / 209kB,5
2026-07-31 10:05:29,realsense,17.07%,92.62MiB / 30.66GiB,0.29%,0B / 0B,131kB / 319kB,33
2026-07-31 10:05:29,nav2,1.92%,117.4MiB / 30.66GiB,0.37%,0B / 0B,0B / 1.13MB,90
2026-07-31 10:05:32,glim,78.17%,169.7MiB / 30.66GiB,0.54%,0B / 0B,274kB / 98.3kB,35
2026-07-31 10:05:32,ouster,6.43%,116.4MiB / 30.66GiB,0.37%,0B / 0B,0B / 1.3MB,30
2026-07-31 10:05:32,mapir-ffmpeg,27.13%,165.8MiB / 30.66GiB,0.53%,0B / 0B,0B / 795kB,33
2026-07-31 10:05:32,openzen,2.85%,32.16MiB / 30.66GiB,0.10%,0B / 0B,0B / 2.14MB,20
2026-07-31 10:05:32,scovox,7.12%,96.77MiB / 30.66GiB,0.31%,0B / 0B,0B / 852kB,53
2026-07-31 10:05:32,domain_bridge,101.51%,21.89MiB / 30.66GiB,0.07%,0B / 0B,32.8kB / 311kB,2
2026-07-31 10:05:32,realsense,16.60%,91.34MiB / 30.66GiB,0.29%,0B / 0B,131kB / 319kB,33
2026-07-31 10:05:32,nav2,12.33%,120.1MiB / 30.66GiB,0.38%,0B / 0B,311kB / 1.13MB,92
2026-07-31 10:05:35,glim,72.81%,264.4MiB / 30.66GiB,0.84%,0B / 0B,274kB / 98.3kB,35
2026-07-31 10:05:35,ouster,6.74%,117MiB / 30.66GiB,0.37%,0B / 0B,0B / 1.3MB,30
2026-07-31 10:05:35,mapir-ffmpeg,28.45%,167.2MiB / 30.66GiB,0.53%,0B / 0B,0B / 795kB,33
2026-07-31 10:05:35,openzen,2.97%,32.02MiB / 30.66GiB,0.10%,0B / 0B,0B / 2.14MB,20
2026-07-31 10:05:35,scovox,85.80%,194.1MiB / 30.66GiB,0.62%,0B / 0B,0B / 852kB,53
2026-07-31 10:05:35,domain_bridge,1.21%,49.18MiB / 30.66GiB,0.16%,0B / 0B,32.8kB / 311kB,28
2026-07-31 10:05:35,realsense,16.47%,91.09MiB / 30.66GiB,0.29%,0B / 0B,131kB / 319kB,33
2026-07-31 10:05:35,nav2,4.49%,120.3MiB / 30.66GiB,0.38%,0B / 0B,311kB / 1.13MB,92
2026-07-31 10:05:38,glim,70.18%,269.9MiB / 30.66GiB,0.86%,0B / 0B,274kB / 98.3kB,35
2026-07-31 10:05:38,ouster,6.27%,116.5MiB / 30.66GiB,0.37%,0B / 0B,0B / 1.3MB,30
2026-07-31 10:05:38,mapir-ffmpeg,28.40%,165.8MiB / 30.66GiB,0.53%,0B / 0B,0B / 795kB,33
2026-07-31 10:05:38,openzen,3.01%,31.8MiB / 30.66GiB,0.10%,0B / 0B,0B / 2.14MB,20
2026-07-31 10:05:38,scovox,58.84%,262.7MiB / 30.66GiB,0.84%,0B / 0B,0B / 852kB,53
2026-07-31 10:05:38,domain_bridge,0.13%,48.76MiB / 30.66GiB,0.16%,0B / 0B,32.8kB / 311kB,28
2026-07-31 10:05:38,realsense,16.27%,91.85MiB / 30.66GiB,0.29%,0B / 0B,131kB / 319kB,33
2026-07-31 10:05:38,nav2,4.26%,120MiB / 30.66GiB,0.38%,0B / 0B,311kB / 1.13MB,92
2026-07-31 10:05:41,glim,69.84%,268.3MiB / 30.66GiB,0.85%,0B / 0B,274kB / 98.3kB,35
2026-07-31 10:05:41,ouster,7.06%,117.1MiB / 30.66GiB,0.37%,0B / 0B,0B / 1.3MB,30
2026-07-31 10:05:41,mapir-ffmpeg,28.93%,167MiB / 30.66GiB,0.53%,0B / 0B,0B / 795kB,33
2026-07-31 10:05:41,openzen,3.15%,31.83MiB / 30.66GiB,0.10%,0B / 0B,0B / 2.14MB,20
2026-07-31 10:05:41,scovox,89.52%,217.6MiB / 30.66GiB,0.69%,0B / 0B,0B / 852kB,53
2026-07-31 10:05:41,domain_bridge,1.48%,50.44MiB / 30.66GiB,0.16%,0B / 0B,32.8kB / 311kB,28
2026-07-31 10:05:41,realsense,16.93%,91.86MiB / 30.66GiB,0.29%,0B / 0B,131kB / 319kB,33
2026-07-31 10:05:41,nav2,5.24%,120.3MiB / 30.66GiB,0.38%,0B / 0B,311kB / 1.13MB,92
2026-07-31 10:05:44,glim,70.24%,277.7MiB / 30.66GiB,0.88%,0B / 0B,274kB / 98.3kB,35
2026-07-31 10:05:44,ouster,6.87%,116.7MiB / 30.66GiB,0.37%,0B / 0B,0B / 1.3MB,30
2026-07-31 10:05:44,mapir-ffmpeg,28.14%,166.6MiB / 30.66GiB,0.53%,0B / 0B,0B / 795kB,33
2026-07-31 10:05:44,openzen,2.89%,32.37MiB / 30.66GiB,0.10%,0B / 0B,0B / 2.14MB,20
2026-07-31 10:05:44,scovox,60.91%,265.6MiB / 30.66GiB,0.85%,0B / 0B,0B / 852kB,53
2026-07-31 10:05:44,domain_bridge,0.29%,50.25MiB / 30.66GiB,0.16%,0B / 0B,32.8kB / 311kB,28
2026-07-31 10:05:44,realsense,16.85%,91.18MiB / 30.66GiB,0.29%,0B / 0B,131kB / 319kB,33
2026-07-31 10:05:44,nav2,4.85%,120.3MiB / 30.66GiB,0.38%,0B / 0B,311kB / 1.13MB,92
2026-07-31 10:05:47,trav_ros2,96.46%,209.2MiB / 30.66GiB,0.67%,0B / 0B,0B / 381kB,44
2026-07-31 10:05:47,glim,74.97%,279.8MiB / 30.66GiB,0.89%,0B / 0B,274kB / 11.6MB,35
2026-07-31 10:05:47,ouster,8.63%,117.1MiB / 30.66GiB,0.37%,0B / 0B,0B / 2.92MB,30
2026-07-31 10:05:47,mapir-ffmpeg,30.46%,166.9MiB / 30.66GiB,0.53%,0B / 0B,0B / 1.28MB,33
2026-07-31 10:05:47,openzen,4.34%,33.37MiB / 30.66GiB,0.11%,0B / 0B,0B / 2.15MB,20
2026-07-31 10:05:47,scovox,96.49%,221.5MiB / 30.66GiB,0.71%,0B / 0B,0B / 3.51MB,53
2026-07-31 10:05:47,domain_bridge,5.18%,51.52MiB / 30.66GiB,0.16%,0B / 0B,32.8kB / 4.97MB,28
2026-07-31 10:05:47,realsense,18.41%,92.19MiB / 30.66GiB,0.29%,0B / 0B,131kB / 3.24MB,33
2026-07-31 10:05:47,nav2,6.00%,119.3MiB / 30.66GiB,0.38%,0B / 0B,311kB / 1.16MB,92
2026-07-31 10:05:47,docker-recorder-run-61ef90424ea7,115.29%,43.23MiB / 30.66GiB,0.14%,0B / 0B,0B / 0B,18
2026-07-31 10:05:50,docker-recorder-run-61ef90424ea7,200.95%,42.65MiB / 30.66GiB,0.14%,0B / 0B,135kB / 0B,11
2026-07-31 10:05:50,trav_ros2,101.01%,357.3MiB / 30.66GiB,1.14%,0B / 0B,0B / 381kB,44
2026-07-31 10:05:50,glim,70.65%,280.9MiB / 30.66GiB,0.89%,0B / 0B,274kB / 11.6MB,35
2026-07-31 10:05:50,ouster,7.13%,117.3MiB / 30.66GiB,0.37%,0B / 0B,0B / 2.92MB,30
2026-07-31 10:05:50,mapir-ffmpeg,28.52%,167.3MiB / 30.66GiB,0.53%,0B / 0B,0B / 1.28MB,33
2026-07-31 10:05:50,openzen,3.17%,33.07MiB / 30.66GiB,0.11%,0B / 0B,0B / 2.15MB,20
2026-07-31 10:05:50,scovox,59.92%,274.2MiB / 30.66GiB,0.87%,0B / 0B,0B / 3.51MB,53
2026-07-31 10:05:50,domain_bridge,0.14%,51.57MiB / 30.66GiB,0.16%,0B / 0B,32.8kB / 4.97MB,28
2026-07-31 10:05:50,realsense,17.09%,92.43MiB / 30.66GiB,0.29%,0B / 0B,131kB / 3.24MB,33
2026-07-31 10:05:50,nav2,8.61%,176.2MiB / 30.66GiB,0.56%,0B / 0B,311kB / 1.16MB,92
2026-07-31 10:05:53,docker-recorder-run-61ef90424ea7,201.12%,43.54MiB / 30.66GiB,0.14%,0B / 0B,135kB / 61.4kB,11
2026-07-31 10:05:53,trav_ros2,100.99%,370.7MiB / 30.66GiB,1.18%,0B / 0B,205kB / 381kB,44
2026-07-31 10:05:53,glim,72.65%,282.2MiB / 30.66GiB,0.90%,0B / 0B,274kB / 11.6MB,35
2026-07-31 10:05:53,ouster,7.24%,117.2MiB / 30.66GiB,0.37%,0B / 0B,0B / 2.92MB,30
2026-07-31 10:05:53,mapir-ffmpeg,28.10%,167.1MiB / 30.66GiB,0.53%,0B / 0B,0B / 1.28MB,33
2026-07-31 10:05:53,openzen,3.08%,32.37MiB / 30.66GiB,0.10%,0B / 0B,0B / 2.15MB,20
2026-07-31 10:05:53,scovox,89.61%,233.1MiB / 30.66GiB,0.74%,0B / 0B,0B / 3.51MB,53
2026-07-31 10:05:53,domain_bridge,0.35%,50.99MiB / 30.66GiB,0.16%,0B / 0B,32.8kB / 4.97MB,28
2026-07-31 10:05:53,realsense,16.86%,91.96MiB / 30.66GiB,0.29%,0B / 0B,131kB / 3.24MB,33
2026-07-31 10:05:53,nav2,7.29%,186.3MiB / 30.66GiB,0.59%,0B / 0B,311kB / 1.16MB,92
2026-07-31 10:05:56,docker-recorder-run-61ef90424ea7,71.70%,10.74MiB / 30.66GiB,0.03%,0B / 0B,254kB / 233kB,2
2026-07-31 10:05:56,trav_ros2,100.77%,419.3MiB / 30.66GiB,1.34%,0B / 0B,205kB / 381kB,44
2026-07-31 10:05:56,glim,70.45%,282.6MiB / 30.66GiB,0.90%,0B / 0B,274kB / 11.6MB,35
2026-07-31 10:05:56,ouster,7.23%,117.3MiB / 30.66GiB,0.37%,0B / 0B,0B / 2.92MB,30
2026-07-31 10:05:56,mapir-ffmpeg,28.27%,167.1MiB / 30.66GiB,0.53%,0B / 0B,0B / 1.28MB,33
2026-07-31 10:05:56,openzen,3.12%,34.36MiB / 30.66GiB,0.11%,0B / 0B,0B / 2.15MB,20
2026-07-31 10:05:56,scovox,60.24%,282.8MiB / 30.66GiB,0.90%,0B / 0B,0B / 3.51MB,53
2026-07-31 10:05:56,domain_bridge,0.64%,51.34MiB / 30.66GiB,0.16%,0B / 0B,32.8kB / 4.97MB,28
2026-07-31 10:05:56,realsense,16.82%,92.48MiB / 30.66GiB,0.29%,0B / 0B,131kB / 3.24MB,33
2026-07-31 10:05:56,nav2,7.13%,186.4MiB / 30.66GiB,0.59%,0B / 0B,311kB / 1.16MB,92
2026-07-31 10:06:00,docker-recorder-run-61ef90424ea7,0.00%,10.68MiB / 30.66GiB,0.03%,0B / 0B,254kB / 233kB,2
2026-07-31 10:06:00,trav_ros2,100.64%,370.9MiB / 30.66GiB,1.18%,0B / 0B,205kB / 381kB,44
2026-07-31 10:06:00,glim,71.67%,285.1MiB / 30.66GiB,0.91%,0B / 0B,274kB / 11.6MB,35
2026-07-31 10:06:00,ouster,7.42%,117.5MiB / 30.66GiB,0.37%,0B / 0B,0B / 2.92MB,30
2026-07-31 10:06:00,mapir-ffmpeg,28.30%,166.9MiB / 30.66GiB,0.53%,0B / 0B,0B / 1.28MB,33
2026-07-31 10:06:00,openzen,3.00%,33.93MiB / 30.66GiB,0.11%,0B / 0B,0B / 2.15MB,20
2026-07-31 10:06:00,scovox,90.13%,235.9MiB / 30.66GiB,0.75%,0B / 0B,0B / 3.51MB,53
2026-07-31 10:06:00,domain_bridge,0.80%,50.32MiB / 30.66GiB,0.16%,0B / 0B,32.8kB / 4.97MB,28
2026-07-31 10:06:00,realsense,16.52%,92.75MiB / 30.66GiB,0.30%,0B / 0B,131kB / 3.24MB,33
2026-07-31 10:06:00,nav2,7.39%,187.5MiB / 30.66GiB,0.60%,0B / 0B,311kB / 1.16MB,92
2026-07-31 10:06:03,docker-recorder-run-61ef90424ea7,0.00%,10.68MiB / 30.66GiB,0.03%,0B / 0B,254kB / 233kB,2
2026-07-31 10:06:03,trav_ros2,100.09%,372.7MiB / 30.66GiB,1.19%,0B / 0B,205kB / 381kB,44
2026-07-31 10:06:03,glim,71.27%,287.9MiB / 30.66GiB,0.92%,0B / 0B,274kB / 11.6MB,35
2026-07-31 10:06:03,ouster,6.84%,118.1MiB / 30.66GiB,0.38%,0B / 0B,0B / 2.92MB,30
2026-07-31 10:06:03,mapir-ffmpeg,27.52%,167MiB / 30.66GiB,0.53%,0B / 0B,0B / 1.28MB,33
2026-07-31 10:06:03,openzen,2.85%,32.7MiB / 30.66GiB,0.10%,0B / 0B,0B / 2.15MB,20
2026-07-31 10:06:03,scovox,64.66%,283.6MiB / 30.66GiB,0.90%,0B / 0B,0B / 3.51MB,53
2026-07-31 10:06:03,domain_bridge,0.09%,50.87MiB / 30.66GiB,0.16%,0B / 0B,32.8kB / 4.97MB,28
2026-07-31 10:06:03,realsense,16.65%,92.29MiB / 30.66GiB,0.29%,0B / 0B,131kB / 3.24MB,33
2026-07-31 10:06:03,nav2,7.13%,188.7MiB / 30.66GiB,0.60%,0B / 0B,311kB / 1.16MB,92
2026-07-31 10:06:06,docker-recorder-run-61ef90424ea7,0.00%,10.58MiB / 30.66GiB,0.03%,0B / 0B,254kB / 233kB,2
2026-07-31 10:06:06,trav_ros2,101.04%,375.9MiB / 30.66GiB,1.20%,0B / 0B,205kB / 381kB,44
2026-07-31 10:06:06,glim,70.11%,288.5MiB / 30.66GiB,0.92%,0B / 0B,274kB / 11.6MB,35
2026-07-31 10:06:06,ouster,8.87%,118.5MiB / 30.66GiB,0.38%,0B / 0B,0B / 2.92MB,30
2026-07-31 10:06:06,mapir-ffmpeg,29.37%,168.5MiB / 30.66GiB,0.54%,0B / 0B,0B / 1.28MB,33
2026-07-31 10:06:06,openzen,3.84%,32.82MiB / 30.66GiB,0.10%,0B / 0B,0B / 2.15MB,20
2026-07-31 10:06:06,scovox,83.08%,262MiB / 30.66GiB,0.83%,0B / 0B,0B / 3.51MB,53
2026-07-31 10:06:06,domain_bridge,4.55%,51.54MiB / 30.66GiB,0.16%,0B / 0B,32.8kB / 4.97MB,28
2026-07-31 10:06:06,realsense,17.70%,92.6MiB / 30.66GiB,0.29%,0B / 0B,131kB / 3.24MB,33
2026-07-31 10:06:06,nav2,11.23%,193.9MiB / 30.66GiB,0.62%,0B / 0B,311kB / 1.16MB,92
2026-07-31 10:06:09,docker-recorder-run-61ef90424ea7,0.00%,10.52MiB / 30.66GiB,0.03%,0B / 0B,254kB / 233kB,1
2026-07-31 10:06:09,trav_ros2,100.13%,371.8MiB / 30.66GiB,1.18%,0B / 0B,205kB / 381kB,44
2026-07-31 10:06:09,glim,71.89%,291MiB / 30.66GiB,0.93%,0B / 0B,274kB / 11.6MB,35
2026-07-31 10:06:09,ouster,6.79%,117.7MiB / 30.66GiB,0.38%,0B / 0B,0B / 2.92MB,30
2026-07-31 10:06:09,mapir-ffmpeg,28.51%,168.6MiB / 30.66GiB,0.54%,0B / 0B,0B / 1.28MB,33
2026-07-31 10:06:09,openzen,2.64%,32.6MiB / 30.66GiB,0.10%,0B / 0B,0B / 2.15MB,20
2026-07-31 10:06:09,scovox,70.92%,283.8MiB / 30.66GiB,0.90%,0B / 0B,0B / 3.51MB,53
2026-07-31 10:06:09,domain_bridge,0.07%,51.12MiB / 30.66GiB,0.16%,0B / 0B,32.8kB / 4.97MB,28
2026-07-31 10:06:09,realsense,16.76%,91.68MiB / 30.66GiB,0.29%,0B / 0B,131kB / 3.24MB,33
2026-07-31 10:06:09,nav2,6.96%,188.5MiB / 30.66GiB,0.60%,0B / 0B,311kB / 1.16MB,92
2026-07-31 10:06:12,docker-recorder-run-61ef90424ea7,0.00%,10.52MiB / 30.66GiB,0.03%,0B / 0B,254kB / 233kB,1
2026-07-31 10:06:12,trav_ros2,101.07%,374.6MiB / 30.66GiB,1.19%,0B / 0B,205kB / 381kB,44
2026-07-31 10:06:12,glim,73.37%,290.7MiB / 30.66GiB,0.93%,0B / 0B,274kB / 11.6MB,35
2026-07-31 10:06:12,ouster,7.19%,117.6MiB / 30.66GiB,0.37%,0B / 0B,0B / 2.92MB,30
2026-07-31 10:06:12,mapir-ffmpeg,28.78%,168.4MiB / 30.66GiB,0.54%,0B / 0B,0B / 1.28MB,33
2026-07-31 10:06:12,openzen,3.09%,32.37MiB / 30.66GiB,0.10%,0B / 0B,0B / 2.15MB,20
2026-07-31 10:06:12,scovox,73.87%,267.4MiB / 30.66GiB,0.85%,0B / 0B,0B / 3.51MB,53
2026-07-31 10:06:12,domain_bridge,0.26%,50.86MiB / 30.66GiB,0.16%,0B / 0B,32.8kB / 4.97MB,28
2026-07-31 10:06:12,realsense,16.70%,91.94MiB / 30.66GiB,0.29%,0B / 0B,131kB / 3.24MB,33
2026-07-31 10:06:12,nav2,7.06%,188.9MiB / 30.66GiB,0.60%,0B / 0B,311kB / 1.16MB,92
2026-07-31 10:06:15,docker-recorder-run-61ef90424ea7,0.00%,10.37MiB / 30.66GiB,0.03%,0B / 0B,254kB / 233kB,1
2026-07-31 10:06:15,trav_ros2,100.89%,372MiB / 30.66GiB,1.18%,0B / 0B,205kB / 381kB,44
2026-07-31 10:06:15,glim,71.16%,290.5MiB / 30.66GiB,0.93%,0B / 0B,274kB / 11.6MB,35
2026-07-31 10:06:15,ouster,6.85%,119.2MiB / 30.66GiB,0.38%,0B / 0B,0B / 2.92MB,30
2026-07-31 10:06:15,mapir-ffmpeg,28.58%,169MiB / 30.66GiB,0.54%,0B / 0B,0B / 1.28MB,33
2026-07-31 10:06:15,openzen,2.91%,32.89MiB / 30.66GiB,0.10%,0B / 0B,0B / 2.15MB,20
2026-07-31 10:06:15,scovox,77.51%,195.6MiB / 30.66GiB,0.62%,0B / 0B,0B / 3.51MB,53
2026-07-31 10:06:15,domain_bridge,0.36%,51.5MiB / 30.66GiB,0.16%,0B / 0B,32.8kB / 4.97MB,28
2026-07-31 10:06:15,realsense,16.73%,92.48MiB / 30.66GiB,0.29%,0B / 0B,131kB / 3.24MB,33
2026-07-31 10:06:15,nav2,7.03%,190MiB / 30.66GiB,0.61%,0B / 0B,311kB / 1.16MB,92
2026-07-31 10:06:18,docker-recorder-run-61ef90424ea7,0.00%,10.37MiB / 30.66GiB,0.03%,0B / 0B,254kB / 233kB,1
2026-07-31 10:06:18,trav_ros2,100.09%,372.9MiB / 30.66GiB,1.19%,0B / 0B,205kB / 1.29MB,44
2026-07-31 10:06:18,glim,66.35%,290.9MiB / 30.66GiB,0.93%,0B / 0B,274kB / 11.6MB,35
2026-07-31 10:06:18,ouster,6.67%,118.2MiB / 30.66GiB,0.38%,0B / 0B,0B / 2.92MB,30
2026-07-31 10:06:18,mapir-ffmpeg,28.08%,168.1MiB / 30.66GiB,0.54%,0B / 0B,0B / 1.28MB,33
2026-07-31 10:06:18,openzen,2.65%,32.93MiB / 30.66GiB,0.10%,0B / 0B,0B / 2.15MB,20
2026-07-31 10:06:18,scovox,66.35%,270.1MiB / 30.66GiB,0.86%,0B / 0B,0B / 3.61MB,53
2026-07-31 10:06:18,domain_bridge,0.11%,51.55MiB / 30.66GiB,0.16%,0B / 0B,32.8kB / 4.97MB,28
2026-07-31 10:06:18,realsense,16.27%,92.02MiB / 30.66GiB,0.29%,0B / 0B,131kB / 3.24MB,33
2026-07-31 10:06:18,nav2,6.77%,190.2MiB / 30.66GiB,0.61%,0B / 0B,311kB / 1.16MB,92
2026-07-31 10:06:21,docker-recorder-run-61ef90424ea7,58.35%,82.79MiB / 30.66GiB,0.26%,0B / 0B,254kB / 233kB,19
2026-07-31 10:06:21,trav_ros2,101.18%,373.9MiB / 30.66GiB,1.19%,0B / 0B,205kB / 1.29MB,44
2026-07-31 10:06:21,glim,74.33%,291.4MiB / 30.66GiB,0.93%,0B / 0B,274kB / 11.6MB,35
2026-07-31 10:06:21,ouster,9.21%,119MiB / 30.66GiB,0.38%,0B / 0B,0B / 2.92MB,30
2026-07-31 10:06:21,mapir-ffmpeg,126.18%,460MiB / 30.66GiB,1.47%,0B / 0B,0B / 1.29MB,40
2026-07-31 10:06:21,openzen,3.57%,33.18MiB / 30.66GiB,0.11%,0B / 0B,0B / 2.15MB,20
2026-07-31 10:06:21,scovox,98.73%,217.2MiB / 30.66GiB,0.69%,0B / 0B,0B / 3.61MB,53
2026-07-31 10:06:21,domain_bridge,1.76%,50.91MiB / 30.66GiB,0.16%,0B / 0B,32.8kB / 4.97MB,28
2026-07-31 10:06:21,realsense,39.20%,93.82MiB / 30.66GiB,0.30%,0B / 0B,131kB / 3.24MB,36
2026-07-31 10:06:21,nav2,10.29%,195.7MiB / 30.66GiB,0.62%,0B / 0B,311kB / 1.18MB,92
2026-07-31 10:06:24,docker-recorder-run-61ef90424ea7,32.96%,40.38MiB / 30.66GiB,0.13%,0B / 0B,254kB / 517MB,4
2026-07-31 10:06:24,trav_ros2,102.15%,369MiB / 30.66GiB,1.18%,0B / 0B,205kB / 1.61MB,44
2026-07-31 10:06:24,glim,70.52%,296MiB / 30.66GiB,0.94%,0B / 0B,274kB / 11.6MB,35
2026-07-31 10:06:24,ouster,6.95%,118.6MiB / 30.66GiB,0.38%,0B / 0B,0B / 2.92MB,30
2026-07-31 10:06:24,mapir-ffmpeg,28.53%,409.3MiB / 30.66GiB,1.30%,0B / 0B,0B / 1.3MB,40
2026-07-31 10:06:24,openzen,2.95%,33.49MiB / 30.66GiB,0.11%,0B / 0B,0B / 2.15MB,20
2026-07-31 10:06:24,scovox,62.55%,295.3MiB / 30.66GiB,0.94%,0B / 0B,0B / 3.63MB,53
2026-07-31 10:06:24,domain_bridge,0.67%,51.38MiB / 30.66GiB,0.16%,0B / 0B,32.8kB / 4.97MB,28
2026-07-31 10:06:24,realsense,16.54%,95.74MiB / 30.66GiB,0.30%,0B / 0B,131kB / 3.26MB,36
2026-07-31 10:06:24,nav2,7.48%,195.5MiB / 30.66GiB,0.62%,0B / 0B,311kB / 1.18MB,92
2026-07-31 10:06:27,trav_ros2,101.29%,369.8MiB / 30.66GiB,1.18%,0B / 0B,205kB / 1.62MB,44
2026-07-31 10:06:27,glim,69.80%,301.1MiB / 30.66GiB,0.96%,0B / 0B,274kB / 11.6MB,35
2026-07-31 10:06:27,ouster,7.31%,119.3MiB / 30.66GiB,0.38%,0B / 0B,0B / 2.92MB,30
2026-07-31 10:06:27,openzen,2.99%,33.28MiB / 30.66GiB,0.11%,0B / 0B,0B / 2.15MB,20
2026-07-31 10:06:27,scovox,88.52%,244.8MiB / 30.66GiB,0.78%,0B / 0B,0B / 3.65MB,53
2026-07-31 10:06:27,domain_bridge,0.88%,51.76MiB / 30.66GiB,0.16%,0B / 0B,32.8kB / 4.97MB,28
2026-07-31 10:06:27,nav2,6.91%,195.4MiB / 30.66GiB,0.62%,0B / 0B,311kB / 1.18MB,92
2026-07-31 10:06:30,trav_ros2,100.60%,375.5MiB / 30.66GiB,1.20%,0B / 0B,205kB / 1.62MB,44
2026-07-31 10:06:30,glim,72.74%,291.8MiB / 30.66GiB,0.93%,0B / 0B,274kB / 11.6MB,35
2026-07-31 10:06:30,ouster,8.30%,119.3MiB / 30.66GiB,0.38%,0B / 0B,0B / 2.92MB,30
2026-07-31 10:06:30,openzen,3.18%,32.82MiB / 30.66GiB,0.10%,0B / 0B,0B / 2.15MB,20
2026-07-31 10:06:30,scovox,58.88%,297MiB / 30.66GiB,0.95%,0B / 0B,0B / 3.65MB,53
2026-07-31 10:06:30,domain_bridge,1.06%,53.07MiB / 30.66GiB,0.17%,0B / 0B,32.8kB / 4.97MB,28
2026-07-31 10:06:30,nav2,9.75%,197.8MiB / 30.66GiB,0.63%,0B / 0B,311kB / 1.18MB,92
2026-07-31 10:06:33,trav_ros2,99.99%,366.7MiB / 30.66GiB,1.17%,0B / 0B,205kB / 1.62MB,44
2026-07-31 10:06:33,glim,70.21%,306.1MiB / 30.66GiB,0.97%,0B / 0B,274kB / 11.6MB,35
2026-07-31 10:06:33,ouster,7.48%,120MiB / 30.66GiB,0.38%,0B / 0B,0B / 2.92MB,30
2026-07-31 10:06:33,openzen,2.25%,33.6MiB / 30.66GiB,0.11%,0B / 0B,0B / 2.15MB,20
2026-07-31 10:06:33,scovox,86.98%,249.9MiB / 30.66GiB,0.80%,0B / 0B,0B / 3.65MB,53
2026-07-31 10:06:33,domain_bridge,0.83%,51.76MiB / 30.66GiB,0.16%,0B / 0B,32.8kB / 4.97MB,28
2026-07-31 10:06:33,nav2,7.74%,196.3MiB / 30.66GiB,0.63%,0B / 0B,311kB / 1.18MB,92
